Date,Questions,Links
2/3/2026, Customers Who Never Order,https://leetcode.com/problems/customers-who-never-order/description/
2/3/2026,Combine Two Tables,https://leetcode.com/problems/combine-two-tables/
2/3/2026,Department Highest Salary,https://leetcode.com/problems/department-highest-salary/description/
2/3/2026,Second Highest Salary,https://leetcode.com/problems/second-highest-salary/description/
2/3/2026,Nth Highest Salary,https://leetcode.com/problems/nth-highest-salary/description/
2/3/2026,Rank Scores,https://leetcode.com/problems/rank-scores/
2/3/2026,Employees Earning More Than Their Managers,https://leetcode.com/problems/employees-earning-more-than-their-managers/
2/3/2026,Duplicate Emails,https://leetcode.com/problems/duplicate-emails/
2/3/2026,Department Top Three Salaries,https://leetcode.com/problems/department-top-three-salaries/
2/3/2026,Delete Duplicate Emails,https://leetcode.com/problems/delete-duplicate-emails/
2/4/2026,Rising Temperature,https://leetcode.com/problems/rising-temperature/
2/4/2026,Managers with at Least 5 Direct Reports,https://leetcode.com/problems/managers-with-at-least-5-direct-reports/
